file_name,x_min,x_max,y_min,y_max
0.jpg,123,300,59,233
1.jpg,43,190,89,253
2.jpg,294,765,388,883
3.jpg,447,894,6,446
4.jpg,237,856,88,774
5.jpg,152,906,110,784
6.jpg,254,822,392,959
7.jpg,567,1187,181,727
8.jpg,240,829,91,644
9.jpg,141,925,21,811
10.jpg,366,596,190,399
11.jpg,156,506,24,383
12.jpg,75,662,32,640
13.jpg,4,448,76,654
14.jpg,135,545,95,481
15.jpg,24,1105,426,1443
16.jpg,242,393,78,231
17.jpg,200,461,73,329
18.jpg,52,313,49,324
19.jpg,140,380,27,291
20.jpg,230,453,153,386
21.jpg,198,687,48,510
22.jpg,89,495,65,453
23.jpg,534,1070,89,642
24.jpg,15,556,259,858
25.jpg,265,441,163,337
26.jpg,123,580,11,466
27.jpg,176,1034,165,1023
28.jpg,172,908,70,760
29.jpg,277,486,235,450
30.jpg,182,533,168,525
31.jpg,2,234,63,304
32.jpg,42,427,33,430
33.jpg,13,898,316,1223
34.jpg,123,460,292,613
35.jpg,1,732,14,841
36.jpg,368,775,607,996
37.jpg,382,646,381,603
38.jpg,504,835,571,955
39.jpg,481,820,339,669
40.jpg,104,1248,1053,2337
41.jpg,636,1013,262,598
42.jpg,77,483,71,474
43.jpg,75,1125,481,1608
44.jpg,543,909,899,1240
45.jpg,2304,3657,502,1879
46.jpg,1373,3149,702,2296
47.jpg,1,371,159,537
48.jpg,85,392,84,356
49.jpg,279,530,93,356
50.jpg,72,343,14,257
51.jpg,32,262,29,277
52.jpg,316,908,152,644
53.jpg,180,404,189,396
54.jpg,368,1542,147,1264
55.jpg,112,405,25,334
56.jpg,80,462,165,515
57.jpg,35,325,58,336
58.jpg,129,364,43,282
59.jpg,131,1017,168,1050
60.jpg,204,1311,120,1202
61.jpg,32,303,37,305
62.jpg,216,474,179,422
63.jpg,273,615,60,422
64.jpg,147,936,164,927
65.jpg,39,599,384,992
66.jpg,115,922,85,853
67.jpg,212,931,403,1066
68.jpg,9,599,13,583
69.jpg,61,587,71,549
70.jpg,124,2030,97,1985
71.jpg,306,1026,344,1053
72.jpg,28,268,39,283
73.jpg,81,1873,94,1805
74.jpg,3,1248,274,1822
75.jpg,122,649,75,585
76.jpg,718,1536,0,778
77.jpg,64,854,543,1299
78.jpg,55,995,325,1233
79.jpg,1195,2032,17,807
80.jpg,57,1425,346,1746
81.jpg,109,348,113,338
82.jpg,128,312,78,247
83.jpg,93,316,34,259
84.jpg,362,648,73,356
85.jpg,422,886,3,419
86.jpg,6,216,21,232
87.jpg,197,886,67,721
88.jpg,95,319,35,262
89.jpg,30,301,23,286
90.jpg,98,991,59,992
91.jpg,48,504,42,503
92.jpg,364,708,63,414
93.jpg,297,774,87,544
94.jpg,579,1169,870,1504
95.jpg,98,736,368,1010
96.jpg,876,1342,543,1004
97.jpg,680,1388,284,956
98.jpg,120,1642,323,1781
99.jpg,1167,2146,56,1177
100.jpg,1990,3166,841,1988
101.jpg,132,870,769,1497
102.jpg,217,1674,344,1880
103.jpg,141,541,67,437
104.jpg,250,773,22,537
105.jpg,83,372,13,286
106.jpg,461,1085,432,1109
107.jpg,99,289,93,270
108.jpg,107,569,84,477
109.jpg,29,265,34,269
110.jpg,91,386,47,325
111.jpg,284,574,111,388
112.jpg,23,331,29,343
113.jpg,187,501,92,385
114.jpg,202,547,142,483
115.jpg,85,393,63,327
116.jpg,212,398,50,246
117.jpg,266,1058,453,1284
118.jpg,142,482,187,546
119.jpg,10,594,106,682
120.jpg,517,933,97,531
121.jpg,48,596,127,738
122.jpg,539,2078,373,1883
123.jpg,117,996,251,1145
124.jpg,238,1070,15,925
125.jpg,9,1223,15,1340
126.jpg,162,808,146,854
127.jpg,17,590,213,761
128.jpg,83,580,75,548
129.jpg,6,270,333,575
130.jpg,189,461,174,453
131.jpg,767,1526,984,1865
132.jpg,557,832,593,892
133.jpg,449,702,235,475
134.jpg,44,762,183,887
135.jpg,410,847,550,960
136.jpg,340,1032,146,844
137.jpg,152,868,369,1013
138.jpg,31,239,8,226
139.jpg,133,1111,620,1528
140.jpg,51,1488,249,1685
141.jpg,105,760,322,969
142.jpg,194,1467,421,1689
143.jpg,133,1005,152,1089
144.jpg,68,357,13,322
145.jpg,78,380,122,425
146.jpg,12,418,248,759
147.jpg,69,533,53,525
148.jpg,41,609,191,761
149.jpg,27,264,29,271
150.jpg,31,316,60,389
151.jpg,55,280,23,247
152.jpg,314,810,332,869
153.jpg,459,955,23,525
154.jpg,660,949,353,646
155.jpg,15,527,21,539
156.jpg,135,919,125,940
157.jpg,43,835,343,1124
158.jpg,182,831,550,1117
159.jpg,181,424,218,473
160.jpg,453,908,306,745
161.jpg,286,498,236,460
162.jpg,94,1431,396,1710
163.jpg,1002,1828,1200,2028
164.jpg,229,921,384,1037
165.jpg,1086,1815,289,1029
166.jpg,792,1912,853,1936
167.jpg,164,824,239,888
168.jpg,151,1213,254,1331
169.jpg,665,1254,371,1015
170.jpg,296,1250,492,1479
171.jpg,1456,3945,734,3167
172.jpg,0,223,1,234
173.jpg,91,324,4,249
174.jpg,329,694,334,686
175.jpg,37,260,33,274
176.jpg,302,645,277,638
177.jpg,26,329,67,342
178.jpg,102,627,125,613
179.jpg,60,267,0,185
180.jpg,26,368,56,385
181.jpg,31,685,44,698
182.jpg,63,488,28,438
183.jpg,501,946,78,542
184.jpg,21,321,36,325
185.jpg,138,497,58,378
186.jpg,38,474,77,485
187.jpg,211,410,104,297
188.jpg,213,568,132,445
189.jpg,26,301,46,306
190.jpg,196,590,30,392
191.jpg,179,636,192,607
192.jpg,107,499,251,633
193.jpg,72,492,46,475
194.jpg,51,339,164,440
195.jpg,199,407,177,368
196.jpg,65,427,15,350
197.jpg,66,403,30,321
198.jpg,61,259,23,201
199.jpg,49,359,51,324
200.jpg,144,651,35,531
201.jpg,97,611,76,574
202.jpg,14,135,9,137
203.jpg,27,273,37,280
204.jpg,285,596,112,398
205.jpg,162,359,206,386
206.jpg,409,565,76,221
207.jpg,18,343,57,339
208.jpg,260,461,4,214
209.jpg,100,342,36,265
210.jpg,4,307,152,461
211.jpg,172,403,36,266
212.jpg,353,694,45,377
213.jpg,178,683,3,439
214.jpg,11,794,108,958
215.jpg,62,396,13,355
216.jpg,5,351,356,708
217.jpg,3,363,19,456
218.jpg,153,444,78,371
219.jpg,169,451,63,364
220.jpg,237,446,135,330
221.jpg,182,348,142,305
222.jpg,101,338,33,264
223.jpg,37,254,43,239
224.jpg,156,276,127,243
225.jpg,45,843,40,865
226.jpg,66,536,96,533
227.jpg,337,633,71,403
228.jpg,158,441,101,349
229.jpg,66,148,101,185
230.jpg,52,177,56,188
231.jpg,16,216,35,219
232.jpg,3,288,32,300
233.jpg,147,354,106,307
234.jpg,202,406,175,379
235.jpg,30,340,40,341
236.jpg,12,185,116,292
237.jpg,86,1028,128,987
238.jpg,374,696,78,402
239.jpg,22,300,63,341
240.jpg,2,99,17,117
241.jpg,22,283,109,345
242.jpg,189,620,184,602
243.jpg,74,367,51,310
244.jpg,43,276,86,307
245.jpg,125,269,361,491
246.jpg,56,238,120,298
247.jpg,54,232,54,228
248.jpg,11,351,10,351
249.jpg,71,230,67,221
250.jpg,98,203,59,160
251.jpg,281,793,143,573
252.jpg,98,382,47,308
253.jpg,53,440,112,488
254.jpg,98,546,40,450
255.jpg,143,595,541,980
256.jpg,7,1342,152,1387
257.jpg,62,635,374,953
258.jpg,147,496,51,394
259.jpg,94,561,35,421
260.jpg,106,403,137,407
261.jpg,373,1750,489,1724
262.jpg,99,601,167,631
263.jpg,52,278,52,318
264.jpg,230,818,71,644
265.jpg,131,696,235,728
266.jpg,81,297,25,227
267.jpg,111,276,54,214
268.jpg,136,446,189,480
269.jpg,254,723,93,524
270.jpg,114,467,52,377
271.jpg,3,320,267,651
272.jpg,274,537,170,444
273.jpg,1,136,75,240
274.jpg,114,662,46,559
275.jpg,220,447,204,396
276.jpg,253,531,68,317
277.jpg,116,324,79,283
278.jpg,165,321,110,264
279.jpg,151,325,119,281
280.jpg,118,523,100,450
281.jpg,112,988,93,925
282.jpg,12,620,33,582
283.jpg,336,686,63,381
284.jpg,182,449,97,349
285.jpg,21,354,43,363
286.jpg,34,474,59,452
287.jpg,2,306,18,360
288.jpg,193,474,27,311
289.jpg,236,1101,174,917
290.jpg,566,1012,7,431
291.jpg,113,422,128,404
292.jpg,252,470,145,337
293.jpg,933,4873,448,3644
294.jpg,674,4630,87,3668
295.jpg,261,575,292,612
296.jpg,99,575,39,433
297.jpg,233,522,212,460
298.jpg,784,1429,1112,1803
299.jpg,167,884,972,1644
300.jpg,197,493,56,355
301.jpg,663,1175,406,946
302.jpg,132,719,17,531
303.jpg,1,367,93,357
304.jpg,193,457,97,347
305.jpg,519,1014,269,730
306.jpg,128,522,9,380
307.jpg,45,247,64,259
308.jpg,198,1830,425,2100
309.jpg,1372,2527,346,1498
310.jpg,527,1221,528,1166
311.jpg,132,484,47,374
312.jpg,268,562,133,420
313.jpg,91,804,14,650
314.jpg,23,357,18,333
315.jpg,6,397,8,392
316.jpg,159,455,87,358
317.jpg,448,1030,198,726
318.jpg,627,1307,284,906
319.jpg,819,2439,39,1681
320.jpg,33,452,111,473
321.jpg,32,479,29,482
322.jpg,152,694,218,688
323.jpg,931,2416,361,1878
324.jpg,58,542,103,572
325.jpg,96,278,41,202
326.jpg,99,366,63,327
327.jpg,351,617,103,374
328.jpg,51,542,144,605
329.jpg,43,374,10,307
330.jpg,164,390,145,300
331.jpg,44,1451,184,1564
332.jpg,326,634,18,331
333.jpg,82,1106,319,1284
334.jpg,1527,2530,724,1647
335.jpg,394,731,99,426
336.jpg,233,1099,866,1590
337.jpg,18,382,23,377
338.jpg,65,450,38,388
339.jpg,136,526,42,452
340.jpg,3,295,16,278
341.jpg,45,303,69,308
342.jpg,272,479,12,186
343.jpg,348,684,6,339
344.jpg,229,683,42,486
345.jpg,27,262,84,300
346.jpg,73,537,171,619
347.jpg,17,631,12,620
348.jpg,112,386,55,307
349.jpg,5,350,16,334
350.jpg,2,396,7,394
351.jpg,13,355,54,347
352.jpg,15,443,2,345
353.jpg,30,421,169,525
354.jpg,542,1898,264,1452
355.jpg,250,598,217,550
356.jpg,9,427,47,445
357.jpg,181,498,305,627
358.jpg,67,513,42,464
359.jpg,48,661,232,814
360.jpg,40,505,8,430
361.jpg,9,395,41,417
362.jpg,400,663,33,274
363.jpg,278,676,11,362
364.jpg,365,674,152,475
365.jpg,70,318,56,266
366.jpg,40,377,25,345
367.jpg,243,487,133,355
368.jpg,159,575,119,461
369.jpg,121,350,10,218
370.jpg,22,384,6,354
371.jpg,90,255,56,204
372.jpg,4,347,124,425
373.jpg,276,939,18,544
374.jpg,256,584,6,306
375.jpg,23,290,44,266
376.jpg,2,414,4,353
377.jpg,15,362,113,456
378.jpg,209,402,42,221
379.jpg,246,376,28,147
380.jpg,123,517,22,412
381.jpg,100,391,30,315
382.jpg,9,947,5,928
383.jpg,182,395,49,262
384.jpg,182,434,126,360
385.jpg,108,636,120,626
386.jpg,20,606,30,565
387.jpg,141,860,382,1059
388.jpg,60,579,55,502
389.jpg,30,258,5,219
390.jpg,29,463,20,403
391.jpg,241,425,190,378
392.jpg,209,389,107,304
393.jpg,24,125,95,197
394.jpg,364,675,116,434
395.jpg,69,334,158,382
396.jpg,56,433,83,434
397.jpg,115,570,81,466
398.jpg,46,299,57,297
399.jpg,256,615,134,509
400.jpg,219,651,18,427
401.jpg,56,565,3,501
402.jpg,79,472,92,459
403.jpg,143,397,72,318
404.jpg,139,322,97,286
405.jpg,363,656,112,367
406.jpg,76,481,143,537
407.jpg,204,659,125,568
408.jpg,189,540,60,403
409.jpg,2,473,165,627
410.jpg,63,350,51,339
411.jpg,15,269,6,256
412.jpg,260,542,102,394
413.jpg,222,609,140,532
414.jpg,76,343,26,281
415.jpg,63,513,129,472
416.jpg,25,758,32,731
417.jpg,532,1180,362,1007
418.jpg,183,349,174,331
419.jpg,107,725,76,689
420.jpg,53,612,26,557
421.jpg,156,568,53,398
422.jpg,251,461,32,251
423.jpg,10,916,2,910
424.jpg,381,565,60,243
425.jpg,36,267,3,217
426.jpg,27,255,2,218
427.jpg,38,256,5,219
428.jpg,324,563,396,643
429.jpg,69,394,75,411
430.jpg,27,463,254,680
431.jpg,77,765,0,672
432.jpg,314,750,213,620
433.jpg,286,2903,887,3387
434.jpg,232,1292,528,1677
435.jpg,179,1458,520,1707
436.jpg,406,936,880,1436
437.jpg,2,522,86,496
438.jpg,199,1746,247,1708
439.jpg,570,1326,20,650
440.jpg,124,400,18,274
441.jpg,463,1191,992,1668
442.jpg,169,1068,171,1024
443.jpg,44,1314,422,1552
444.jpg,26,302,88,371
445.jpg,57,642,423,953
446.jpg,106,437,16,340
447.jpg,37,368,53,351
448.jpg,30,480,4,488
449.jpg,206,620,547,985
450.jpg,158,710,114,627
451.jpg,18,283,23,278
452.jpg,360,874,214,693
453.jpg,190,672,139,610
454.jpg,286,1078,102,865
455.jpg,150,425,39,301
456.jpg,84,598,30,507
457.jpg,24,354,2,337
458.jpg,10,362,49,396
459.jpg,251,546,474,777
460.jpg,107,901,218,955
461.jpg,58,374,30,324
462.jpg,689,1238,292,769
463.jpg,1170,1896,472,1123
464.jpg,567,1224,37,610
465.jpg,1056,1977,334,1209
466.jpg,228,701,929,1309
467.jpg,453,1794,127,1335
468.jpg,115,1342,919,1795
469.jpg,381,850,1035,1502
470.jpg,478,1099,917,1404
471.jpg,306,954,175,784
472.jpg,17,261,344,593
473.jpg,153,380,191,391
474.jpg,201,387,53,228
475.jpg,424,2119,702,2325
476.jpg,604,2828,1177,2884
477.jpg,802,1905,995,2145
478.jpg,294,601,112,350
479.jpg,1122,3742,321,2778
480.jpg,71,480,241,574
481.jpg,1014,3618,285,2798
482.jpg,244,409,170,305
483.jpg,104,564,61,513
484.jpg,261,497,33,206
485.jpg,46,191,129,240
486.jpg,389,861,306,765
487.jpg,58,527,40,466
488.jpg,197,840,354,933
489.jpg,34,608,605,1062
490.jpg,511,1040,306,804
491.jpg,6,322,67,367
492.jpg,165,1294,544,1410
493.jpg,170,579,191,552
494.jpg,259,412,150,289
495.jpg,189,497,50,357
496.jpg,76,607,188,729
497.jpg,152,574,44,467
498.jpg,252,614,167,455
499.jpg,29,596,152,677
500.jpg,335,2310,902,2642
501.jpg,81,420,57,359
502.jpg,378,888,200,693
503.jpg,170,403,103,325
504.jpg,142,438,144,376
505.jpg,163,356,117,312
506.jpg,151,319,110,263
507.jpg,329,683,333,662
508.jpg,278,421,217,345
509.jpg,297,545,39,267
510.jpg,291,604,86,391
511.jpg,8,594,104,675
512.jpg,50,702,518,1129
513.jpg,143,477,103,391
514.jpg,151,424,68,333
515.jpg,5,469,26,470
516.jpg,373,814,34,425
517.jpg,413,759,219,541
518.jpg,132,388,120,389
519.jpg,308,583,13,262
520.jpg,184,417,118,338
521.jpg,263,468,36,206
522.jpg,3,203,102,292
523.jpg,11,369,128,465
524.jpg,48,246,162,340
525.jpg,122,347,76,277
526.jpg,399,684,15,279
527.jpg,338,674,96,446
528.jpg,29,450,48,416
529.jpg,25,477,53,444
530.jpg,7,243,62,289
531.jpg,43,286,280,500
532.jpg,473,957,354,867
533.jpg,331,619,372,628
534.jpg,82,485,257,602
535.jpg,345,526,324,470
536.jpg,65,246,101,265
537.jpg,64,241,104,262
538.jpg,164,367,164,356
539.jpg,54,283,84,302
540.jpg,56,324,23,278
541.jpg,321,671,105,477
542.jpg,20,231,115,302
543.jpg,80,561,6,472
544.jpg,146,293,64,208
545.jpg,228,454,51,290
546.jpg,84,285,43,232
547.jpg,297,540,115,335
548.jpg,418,1171,442,1174
549.jpg,162,353,273,453
550.jpg,4,312,77,379
551.jpg,60,236,14,180
552.jpg,4,475,68,518
553.jpg,75,267,11,192
554.jpg,17,676,103,708
555.jpg,2,272,21,277
556.jpg,64,296,47,242
557.jpg,65,315,68,234
558.jpg,90,536,101,489
559.jpg,97,526,111,503
560.jpg,257,582,110,438
561.jpg,7,339,184,512
562.jpg,29,486,74,484
563.jpg,43,573,232,759
564.jpg,277,555,26,310
565.jpg,640,1611,103,1003
566.jpg,101,1603,597,1969
567.jpg,249,1010,60,746
568.jpg,232,820,76,640
569.jpg,410,844,122,559
570.jpg,471,1767,289,1570
571.jpg,641,1650,97,1008
572.jpg,309,3271,215,2684
573.jpg,96,388,75,367
574.jpg,622,1816,627,1676
575.jpg,52,1512,182,1593
576.jpg,133,1395,98,1464
577.jpg,788,2974,4,1961
578.jpg,172,2143,53,1910
579.jpg,10,1310,3,1327
580.jpg,99,1889,2,1547
581.jpg,120,649,255,804
582.jpg,81,455,19,378
583.jpg,171,536,15,369
584.jpg,250,772,40,527
585.jpg,155,402,15,242
586.jpg,58,351,44,329
587.jpg,37,629,112,664
588.jpg,52,420,26,403
589.jpg,250,504,127,347
590.jpg,238,472,14,241
591.jpg,402,678,155,431
592.jpg,5,491,15,484
593.jpg,217,643,75,515
594.jpg,160,753,549,1120
595.jpg,24,498,65,567
596.jpg,79,519,244,663
597.jpg,135,2294,1014,2964
598.jpg,116,318,37,247
599.jpg,280,586,75,411
600.jpg,280,995,122,840
601.jpg,289,755,311,712
602.jpg,243,1091,155,984
603.jpg,3,748,4,741
604.jpg,39,313,98,355
605.jpg,743,1554,622,1387
606.jpg,223,638,46,458
607.jpg,58,972,66,1031
608.jpg,563,1533,360,1379
609.jpg,169,637,46,478
610.jpg,274,1687,99,1474
611.jpg,100,600,42,490
612.jpg,11,495,117,572
613.jpg,402,1760,84,1391
614.jpg,44,974,435,1301
615.jpg,70,1305,500,1717
616.jpg,54,354,3,286
617.jpg,81,378,17,291
618.jpg,1124,2313,4,1080
619.jpg,38,1323,12,1290
620.jpg,70,418,193,529
621.jpg,338,877,14,546
622.jpg,22,451,109,494
623.jpg,140,451,124,423
624.jpg,102,293,69,237
625.jpg,251,1290,83,1038
626.jpg,324,1181,209,1005
627.jpg,480,1247,242,976
628.jpg,56,472,41,457
629.jpg,132,700,34,538
630.jpg,67,567,16,528
631.jpg,294,612,221,526
632.jpg,195,551,269,606
633.jpg,159,465,255,572
634.jpg,63,515,53,522
635.jpg,118,398,148,404
636.jpg,312,614,229,521
637.jpg,13,478,201,648
638.jpg,220,1261,612,1685
639.jpg,487,1182,160,778
640.jpg,173,538,240,590
641.jpg,102,886,45,785
642.jpg,1054,1855,150,941
643.jpg,284,612,118,446
644.jpg,275,548,246,515
645.jpg,337,809,273,709
646.jpg,900,2089,31,1312
647.jpg,220,1463,288,1512
648.jpg,392,1667,18,1141
649.jpg,186,596,96,515
650.jpg,298,672,74,428
651.jpg,170,358,135,307
652.jpg,2,258,18,279
653.jpg,47,294,92,340
654.jpg,142,862,270,1019
655.jpg,131,684,118,628
656.jpg,173,341,231,391
657.jpg,130,750,6,601
658.jpg,207,462,160,387
659.jpg,14,821,34,840
660.jpg,215,521,93,390
661.jpg,7,211,216,423
662.jpg,582,1140,191,750
663.jpg,215,494,90,374
664.jpg,101,318,68,248
665.jpg,13,331,43,331
666.jpg,235,1210,750,1665
667.jpg,328,1804,416,1848
668.jpg,82,1328,44,1294
669.jpg,1025,1925,387,1254
670.jpg,1073,1912,423,1283
671.jpg,182,1003,223,1097
672.jpg,1,230,30,261
673.jpg,303,560,38,294
674.jpg,54,317,57,305
675.jpg,1,196,48,257
676.jpg,280,490,29,240
677.jpg,239,763,120,591
678.jpg,133,866,40,729
679.jpg,508,702,406,591
680.jpg,68,683,5,597
681.jpg,271,1694,105,1424
682.jpg,389,731,135,454
683.jpg,91,660,27,557
684.jpg,297,582,119,401
685.jpg,223,465,99,318
686.jpg,258,491,83,299
687.jpg,222,578,191,484
688.jpg,310,600,54,341
689.jpg,492,963,8,455
690.jpg,301,871,251,780
691.jpg,26,762,299,1015
692.jpg,534,1006,464,937
693.jpg,285,497,333,553
694.jpg,74,636,457,971
695.jpg,235,528,256,525
696.jpg,317,556,42,284
697.jpg,170,488,316,634
698.jpg,109,559,160,613
699.jpg,338,678,127,467
700.jpg,11,470,48,566
701.jpg,92,266,49,219
702.jpg,77,475,32,420
703.jpg,2,254,99,369
704.jpg,333,510,157,328
705.jpg,371,621,125,358
706.jpg,17,537,190,717
707.jpg,214,510,172,470
708.jpg,494,940,586,1061
709.jpg,6,411,209,649
710.jpg,512,679,336,513
711.jpg,77,338,18,268
712.jpg,113,408,168,454
713.jpg,356,932,286,870
714.jpg,24,277,20,266
715.jpg,457,665,1,218
716.jpg,165,420,273,524
717.jpg,170,388,142,364
718.jpg,180,408,206,404
719.jpg,599,1007,583,984
720.jpg,262,854,92,732
721.jpg,129,946,88,984
722.jpg,454,815,253,574
723.jpg,169,688,364,884
724.jpg,251,588,93,457
725.jpg,79,295,292,469
726.jpg,67,178,117,230
727.jpg,74,267,90,264
728.jpg,221,425,114,329
729.jpg,531,998,442,1001
730.jpg,286,462,288,457
731.jpg,451,835,514,984
732.jpg,497,1067,325,846
733.jpg,701,1508,545,1431
734.jpg,236,879,1163,1743
735.jpg,193,510,141,582
736.jpg,293,744,463,1074
737.jpg,181,1040,971,1934
738.jpg,151,317,30,249
739.jpg,437,1173,676,1456
740.jpg,470,1018,538,1012
741.jpg,681,1359,1092,1838
742.jpg,390,1072,1156,1813
743.jpg,339,597,232,417
744.jpg,1187,1799,60,501
745.jpg,1036,1578,639,1178
746.jpg,575,1545,813,1950
747.jpg,12,183,100,275
748.jpg,115,490,176,541
749.jpg,11,513,284,842
750.jpg,33,593,19,686
751.jpg,27,198,36,207
752.jpg,158,466,52,417
753.jpg,357,1109,537,1282
754.jpg,312,967,12,604
755.jpg,104,519,106,537
756.jpg,178,482,423,751
757.jpg,312,807,585,1042
758.jpg,135,379,531,782
759.jpg,78,607,237,725
760.jpg,194,368,25,244
761.jpg,28,203,34,256
762.jpg,430,900,219,844
763.jpg,170,586,25,589
764.jpg,224,439,19,287
765.jpg,277,859,250,1086
766.jpg,208,984,310,1107
767.jpg,653,1010,288,758
768.jpg,317,1032,713,1589
769.jpg,88,1453,231,1866
770.jpg,527,855,472,970
771.jpg,295,1292,220,1150
772.jpg,188,476,92,463
773.jpg,451,1385,99,956
774.jpg,680,1018,516,991
775.jpg,11,817,432,1481
776.jpg,363,734,354,647
777.jpg,558,1371,1086,1963
778.jpg,548,1256,433,1055
779.jpg,258,386,101,295
780.jpg,268,385,144,290
781.jpg,164,390,130,289
782.jpg,127,315,93,345
783.jpg,20,561,107,664
784.jpg,228,639,69,584
785.jpg,76,539,254,832
786.jpg,217,486,100,379
787.jpg,30,189,10,229
788.jpg,73,286,52,280
789.jpg,369,573,124,419
790.jpg,338,479,312,521
791.jpg,184,398,79,375
792.jpg,383,745,62,544
793.jpg,460,780,102,521
794.jpg,260,959,185,986
795.jpg,148,478,144,568
796.jpg,10,181,26,213
797.jpg,92,638,437,750
798.jpg,357,654,686,1091
799.jpg,348,634,171,489
800.jpg,200,638,378,811
801.jpg,565,905,515,955
802.jpg,62,1027,82,1100
803.jpg,209,668,505,952
804.jpg,414,1003,327,1049
805.jpg,275,557,157,526
806.jpg,73,548,350,877
807.jpg,101,382,214,446
808.jpg,305,976,390,929
809.jpg,922,1446,292,853
810.jpg,468,908,476,1009
811.jpg,322,1057,27,762
812.jpg,872,1708,225,1077
813.jpg,32,1000,480,1913
814.jpg,429,1358,454,1354
815.jpg,303,770,147,613
816.jpg,299,777,326,783
817.jpg,379,797,177,740
818.jpg,343,519,197,448
819.jpg,141,315,70,261
820.jpg,244,891,199,729
821.jpg,39,319,49,298
822.jpg,107,866,79,812
823.jpg,167,454,32,318
824.jpg,281,455,207,441
825.jpg,286,517,206,461
826.jpg,197,783,379,941
827.jpg,392,840,336,894
828.jpg,220,862,156,914
829.jpg,59,466,31,385
830.jpg,426,799,80,430
831.jpg,192,463,190,475
832.jpg,133,455,161,447
833.jpg,148,694,341,886
834.jpg,338,915,300,780
835.jpg,226,720,226,784
836.jpg,13,810,720,1584
837.jpg,234,564,162,542
838.jpg,336,580,235,576
839.jpg,101,343,99,297
840.jpg,176,627,122,630
841.jpg,261,586,156,593
842.jpg,951,1926,89,1210
843.jpg,129,224,148,247
844.jpg,97,350,34,301
845.jpg,387,1022,959,1701
846.jpg,147,450,390,717
847.jpg,263,434,120,276
848.jpg,174,287,96,250
849.jpg,313,666,77,405
850.jpg,92,274,170,387
851.jpg,174,425,138,415
852.jpg,329,680,632,971
853.jpg,88,328,184,412
854.jpg,507,930,166,574
855.jpg,315,712,529,1020
856.jpg,219,441,119,296
857.jpg,77,352,113,465
858.jpg,330,664,458,917
859.jpg,34,482,50,559
860.jpg,449,731,138,470
861.jpg,108,767,5,825
862.jpg,313,758,636,1041
863.jpg,392,643,553,750
864.jpg,65,433,132,591
865.jpg,556,1528,243,1228
866.jpg,115,352,165,446
867.jpg,203,551,38,557
868.jpg,37,245,226,462
869.jpg,259,920,707,1517
870.jpg,189,560,7,576
871.jpg,54,245,94,232
872.jpg,383,1025,308,779
873.jpg,525,2489,594,2714
874.jpg,238,443,425,694
875.jpg,79,267,385,617
876.jpg,1051,1538,851,1279
877.jpg,1164,1453,596,994
878.jpg,96,225,125,262
879.jpg,320,581,50,414
880.jpg,111,246,277,486
881.jpg,448,802,398,744
882.jpg,248,375,266,480
883.jpg,176,396,118,342
884.jpg,359,611,28,303
885.jpg,40,564,55,752
886.jpg,509,636,75,253
887.jpg,76,358,26,295
888.jpg,508,900,344,846
889.jpg,292,792,357,725
890.jpg,276,758,321,662
891.jpg,330,469,186,324
892.jpg,20,299,113,345
893.jpg,316,640,332,766
894.jpg,270,406,242,378
895.jpg,3,270,168,483
896.jpg,183,367,40,250
897.jpg,2538,3249,1295,2068
898.jpg,32,881,104,1281
899.jpg,1087,1267,722,876
900.jpg,178,622,709,1046
901.jpg,212,1181,627,1406
902.jpg,198,807,558,1352
903.jpg,284,952,355,917
904.jpg,841,1268,853,1266
905.jpg,153,490,699,1101
906.jpg,683,1224,1328,1984
907.jpg,281,521,22,253
908.jpg,479,847,1343,1806
909.jpg,413,1204,381,977
910.jpg,768,1213,1207,1808
911.jpg,739,1758,199,1516
912.jpg,378,711,293,576
913.jpg,133,745,117,664
914.jpg,149,416,85,414
915.jpg,121,365,176,466
916.jpg,67,200,31,207
917.jpg,468,814,239,618
918.jpg,408,651,484,758
919.jpg,436,802,338,812
920.jpg,559,967,291,861
921.jpg,278,798,325,1021
922.jpg,329,638,409,672
923.jpg,272,589,518,778
924.jpg,52,952,3,402
925.jpg,155,387,73,347
926.jpg,84,289,102,284
927.jpg,197,429,269,623
928.jpg,2,424,86,485
929.jpg,100,544,477,908
930.jpg,277,1051,932,1789
931.jpg,798,1911,593,1958
932.jpg,608,1283,567,1450
933.jpg,180,1207,685,1805
934.jpg,501,1017,405,1046
935.jpg,356,1301,204,1089
936.jpg,494,1369,480,1510
937.jpg,470,894,699,1229
938.jpg,388,826,727,1152
939.jpg,241,559,722,1085
940.jpg,229,618,102,559
941.jpg,475,642,21,227
942.jpg,280,465,308,537
943.jpg,311,727,138,634
944.jpg,442,834,473,807
945.jpg,304,561,65,295
946.jpg,103,412,262,656
947.jpg,106,346,162,460
948.jpg,67,343,97,432
949.jpg,313,691,316,796
950.jpg,254,510,7,314
951.jpg,7,315,68,318
952.jpg,1292,1650,159,621
953.jpg,1037,1520,217,869
954.jpg,760,1585,189,989
955.jpg,487,1228,1068,1990
956.jpg,599,1022,556,1050
957.jpg,1348,1570,351,564
958.jpg,1311,1905,414,1134
959.jpg,442,1264,323,1367
960.jpg,20,454,147,657
961.jpg,348,893,120,787
962.jpg,189,875,369,1180
963.jpg,85,798,404,969
964.jpg,338,560,374,657
965.jpg,389,1041,595,1074
966.jpg,400,719,107,540
967.jpg,483,658,396,660
968.jpg,299,834,142,834
969.jpg,345,712,264,730
970.jpg,98,548,1199,1617
971.jpg,166,619,524,1011
972.jpg,127,643,331,998
973.jpg,623,1756,203,1585
974.jpg,151,914,766,1731
975.jpg,216,1458,315,2000
976.jpg,49,192,120,300
977.jpg,136,260,84,238
978.jpg,276,473,72,328
979.jpg,370,678,21,442
980.jpg,222,375,246,422
981.jpg,230,429,182,391
982.jpg,116,641,404,984
983.jpg,293,853,260,927
984.jpg,678,1012,319,674
985.jpg,618,1004,66,461
986.jpg,108,624,430,923
987.jpg,138,461,136,480
988.jpg,66,303,12,289
989.jpg,183,557,18,464
990.jpg,459,980,685,1320
991.jpg,97,622,15,522
992.jpg,76,553,258,525
993.jpg,37,372,164,359
994.jpg,315,486,49,397
995.jpg,282,660,63,936
996.jpg,195,505,24,674
997.jpg,479,1233,462,1707
998.jpg,656,1606,657,2892
999.jpg,391,603,3,507
1000.jpg,161,313,58,352
1001.jpg,70,428,29,470
1002.jpg,59,342,28,291
1003.jpg,29,263,102,346
1004.jpg,241,451,2,312
1005.jpg,201,382,55,420
1006.jpg,254,409,49,316
1007.jpg,71,384,34,640
1008.jpg,19,279,26,705
1009.jpg,204,637,101,1042
1010.jpg,70,462,96,427
1011.jpg,417,649,111,239
1012.jpg,598,1308,238,828
1013.jpg,10,622,33,408
1014.jpg,174,624,162,426
1015.jpg,33,494,114,423
1016.jpg,37,253,98,514
1017.jpg,273,700,75,959
1018.jpg,286,1570,46,837
1019.jpg,232,1472,48,1070
1020.jpg,110,621,17,521
1021.jpg,10,310,1,354
1022.jpg,264,536,87,554
1023.jpg,8,283,19,293
1024.jpg,69,399,65,489
1025.jpg,197,891,121,683
1026.jpg,142,959,83,1290
1027.jpg,101,387,34,458
1028.jpg,9,585,117,780
1029.jpg,483,870,267,695
1030.jpg,421,1810,12,1143
1031.jpg,126,560,29,508
1032.jpg,59,276,21,324
1033.jpg,290,1445,167,1973
1034.jpg,128,472,5,508
1035.jpg,1041,1716,157,1248
1036.jpg,326,1242,282,891
1037.jpg,114,430,140,583
1038.jpg,87,325,52,360
1039.jpg,58,312,10,395
1040.jpg,14,276,59,481
1041.jpg,46,666,202,706
1042.jpg,154,334,7,296
1043.jpg,67,327,16,389
1044.jpg,169,354,50,339
1045.jpg,104,570,24,700
1046.jpg,38,378,38,367
1047.jpg,27,621,75,403
1048.jpg,88,336,35,390
1049.jpg,30,958,52,453
1050.jpg,15,632,25,515
1051.jpg,12,276,5,392
1052.jpg,31,355,81,497
1053.jpg,240,473,71,292
1054.jpg,135,278,35,284
1055.jpg,45,192,72,275
1056.jpg,76,213,41,272
1057.jpg,222,521,174,405
1058.jpg,99,205,132,265
1059.jpg,85,447,79,661
1060.jpg,60,212,75,322
1061.jpg,49,661,51,455
1062.jpg,207,907,76,683
1063.jpg,47,422,5,674
1064.jpg,321,552,90,448
1065.jpg,59,228,116,337
1066.jpg,4,473,9,330
1067.jpg,137,440,8,293
1068.jpg,138,364,39,330
1069.jpg,126,264,24,262
1070.jpg,104,353,13,318
1071.jpg,243,786,8,674
1072.jpg,18,571,77,381
1073.jpg,103,653,44,429
1074.jpg,221,555,62,574
1075.jpg,136,341,17,323
1076.jpg,108,251,38,232
1077.jpg,277,533,67,455
1078.jpg,158,438,77,456
1079.jpg,196,373,43,317
1080.jpg,113,232,16,183
1081.jpg,66,170,37,184
1082.jpg,56,292,22,406
1083.jpg,181,485,92,539
1084.jpg,115,391,173,571
1085.jpg,5,307,10,422
1086.jpg,149,516,21,585
1087.jpg,197,819,67,933
1088.jpg,41,230,17,292
1089.jpg,39,555,47,446
1090.jpg,383,1165,86,1139
1091.jpg,12,280,40,281
1092.jpg,110,661,5,501
1093.jpg,96,408,124,653
1094.jpg,84,616,66,448
1095.jpg,76,502,57,711
1096.jpg,320,542,104,465
1097.jpg,40,448,79,664
1098.jpg,272,1824,366,2553
1099.jpg,37,192,22,238
1100.jpg,77,347,52,571
1101.jpg,92,388,15,490
1102.jpg,459,1051,42,1041
1103.jpg,61,666,52,462
1104.jpg,245,466,64,438
1105.jpg,187,441,75,441
1106.jpg,147,743,4,893
1107.jpg,310,685,46,667
1108.jpg,300,779,108,793
1109.jpg,18,432,130,764
1110.jpg,7,278,40,278
1111.jpg,81,391,23,488
1112.jpg,62,416,2,452
1113.jpg,99,283,58,283
1114.jpg,36,220,19,325
1115.jpg,284,625,67,568
1116.jpg,119,484,49,583
1117.jpg,125,603,45,385
1118.jpg,128,434,297,776
1119.jpg,142,358,196,555
1120.jpg,183,499,78,598
1121.jpg,70,643,43,448
1122.jpg,70,340,31,345
1123.jpg,17,522,98,629
1124.jpg,94,477,28,390
1125.jpg,107,270,25,296
1126.jpg,41,254,46,355
1127.jpg,30,340,46,420
1128.jpg,62,436,1,323
1129.jpg,15,429,5,284
1130.jpg,4,470,20,356
1131.jpg,63,335,117,472
1132.jpg,24,514,43,714
1133.jpg,248,710,9,682
1134.jpg,76,313,5,390
1135.jpg,5,437,29,305
1136.jpg,76,550,8,349
1137.jpg,16,326,14,317
1138.jpg,163,332,63,298
1139.jpg,118,366,16,355
1140.jpg,146,456,8,432
1141.jpg,35,484,4,681
1142.jpg,341,990,9,476
1143.jpg,0,585,21,402
1144.jpg,89,418,50,476
1145.jpg,156,488,75,557
1146.jpg,162,477,6,471
1147.jpg,9,674,5,466
1148.jpg,187,522,305,782
1149.jpg,2,670,16,887
1150.jpg,185,479,13,478
1151.jpg,103,388,18,379
1152.jpg,59,651,122,886
1153.jpg,11,640,183,648
1154.jpg,110,361,405,675
1155.jpg,177,399,26,334
1156.jpg,15,353,22,469
1157.jpg,56,507,31,380
1158.jpg,10,257,27,371
1159.jpg,24,394,4,595
1160.jpg,189,689,1,417
1161.jpg,90,311,61,358
1162.jpg,65,489,52,493
1163.jpg,6,441,35,369
1164.jpg,311,623,14,435
1165.jpg,14,293,4,278
1166.jpg,50,478,7,412
1167.jpg,112,507,25,413
1168.jpg,42,362,10,373
1169.jpg,130,437,26,419
1170.jpg,76,553,70,1051
1171.jpg,21,162,105,278
1172.jpg,34,415,74,687
1173.jpg,10,682,7,598
1174.jpg,120,539,134,387
1175.jpg,347,555,56,337
1176.jpg,50,818,3,524
1177.jpg,15,1283,326,1841
1178.jpg,39,1257,79,766
1179.jpg,264,806,166,671
1180.jpg,151,475,336,705
1181.jpg,162,561,28,308
1182.jpg,23,728,61,767
1183.jpg,537,782,220,466
1184.jpg,1054,2970,2111,4058
1185.jpg,81,301,142,343
1186.jpg,165,345,191,375
1187.jpg,206,292,27,124
1188.jpg,188,453,72,316
1189.jpg,222,487,180,459
1190.jpg,326,672,170,492
1191.jpg,380,721,304,644
1192.jpg,190,676,0,483
1193.jpg,184,398,385,560
1194.jpg,192,362,558,721
1195.jpg,13,513,231,750
1196.jpg,187,354,115,286
1197.jpg,172,343,71,243
1198.jpg,206,352,69,218
1199.jpg,103,373,215,474
1200.jpg,166,384,81,301
1201.jpg,30,487,29,454
1202.jpg,56,765,57,751
1203.jpg,131,441,15,329
1204.jpg,204,413,372,569
1205.jpg,73,462,416,795
1206.jpg,226,500,151,411
1207.jpg,204,489,73,339
1208.jpg,87,424,78,390
1209.jpg,174,478,271,567
1210.jpg,49,640,36,576
1211.jpg,153,418,219,489
1212.jpg,117,676,69,624
1213.jpg,502,892,441,847
1214.jpg,287,995,134,843
1215.jpg,219,344,77,206
1216.jpg,257,510,253,447
1217.jpg,31,344,64,354
1218.jpg,36,300,56,319
1219.jpg,925,1405,298,734
1220.jpg,624,1352,632,1392
1221.jpg,842,1488,275,975
1222.jpg,357,665,205,492
1223.jpg,304,619,82,382
1224.jpg,73,286,75,286
1225.jpg,78,294,34,249
1226.jpg,14,357,18,355
1227.jpg,18,269,191,437
1228.jpg,18,365,21,356
1229.jpg,163,354,211,387
1230.jpg,282,526,71,303
1231.jpg,206,503,112,378
1232.jpg,55,429,82,433
1233.jpg,89,434,99,425
1234.jpg,77,445,57,427
1235.jpg,99,365,136,378
1236.jpg,79,368,31,312
1237.jpg,6,297,6,295
1238.jpg,246,406,133,286
1239.jpg,44,257,156,363
1240.jpg,123,284,101,256
1241.jpg,23,562,310,823
1242.jpg,149,547,16,431
1243.jpg,64,337,193,463
1244.jpg,435,794,160,450
1245.jpg,23,962,4,959
1246.jpg,268,789,5,559
1247.jpg,251,765,58,595
1248.jpg,9,627,1,579
1249.jpg,25,571,120,631
1250.jpg,19,1078,182,1124
1251.jpg,9,445,200,635
1252.jpg,46,286,13,235
1253.jpg,209,528,133,425
1254.jpg,385,645,53,286
1255.jpg,337,655,67,371
1256.jpg,52,365,64,370
1257.jpg,92,464,80,429
1258.jpg,126,891,540,1231
1259.jpg,123,590,2,431
1260.jpg,180,615,364,768
1261.jpg,343,612,104,377
1262.jpg,144,562,65,462
1263.jpg,26,272,46,273
1264.jpg,158,501,10,358
1265.jpg,10,331,4,298
1266.jpg,117,576,42,488
1267.jpg,191,646,254,644
1268.jpg,204,555,135,477
1269.jpg,9,253,93,329
1270.jpg,25,364,3,327
1271.jpg,9,497,4,497
1272.jpg,60,436,71,443
1273.jpg,27,466,28,477
1274.jpg,4,492,91,643
1275.jpg,88,411,39,341
1276.jpg,275,480,121,309
1277.jpg,153,634,31,434
1278.jpg,268,472,92,275
1279.jpg,180,376,307,504
1280.jpg,79,301,213,446
1281.jpg,153,714,30,576
1282.jpg,189,530,242,579
1283.jpg,56,362,3,286
1284.jpg,21,517,109,594
1285.jpg,39,560,112,546
1286.jpg,168,399,119,325
1287.jpg,58,631,43,633
1288.jpg,345,835,1072,1566
1289.jpg,202,613,252,651
1290.jpg,78,423,233,520
1291.jpg,355,600,104,311
1292.jpg,823,1912,454,1463
1293.jpg,145,218,97,174
1294.jpg,343,682,109,436
1295.jpg,41,274,111,328
1296.jpg,141,572,257,659
1297.jpg,468,1110,138,766
1298.jpg,174,412,219,452
1299.jpg,476,743,479,704
1300.jpg,74,293,90,300
1301.jpg,17,290,4,277
1302.jpg,128,573,189,584
1303.jpg,308,669,414,750
1304.jpg,231,480,112,372
1305.jpg,561,1644,973,1957
1306.jpg,185,351,115,287
1307.jpg,59,893,243,1063
1308.jpg,46,334,36,335
1309.jpg,584,1063,25,494
1310.jpg,88,552,20,408
1311.jpg,263,478,379,598
1312.jpg,229,610,41,427
1313.jpg,249,678,33,459
1314.jpg,291,938,149,788
1315.jpg,87,245,294,437
1316.jpg,405,1022,910,1493
1317.jpg,321,627,118,425
1318.jpg,428,1224,184,1014
1319.jpg,338,999,150,777
1320.jpg,703,1230,458,1016
1321.jpg,147,351,175,378
1322.jpg,22,368,6,322
1323.jpg,141,593,142,551
1324.jpg,392,1669,110,1319
1325.jpg,57,251,16,184
1326.jpg,56,2026,58,1989
1327.jpg,488,1616,45,1074
1328.jpg,62,569,568,1053
1329.jpg,96,570,34,463
1330.jpg,51,566,18,476
1331.jpg,41,291,127,368
1332.jpg,97,314,18,248
1333.jpg,100,404,181,463
1334.jpg,160,691,115,621
1335.jpg,312,632,200,476
1336.jpg,59,527,426,930
1337.jpg,136,370,88,302
1338.jpg,64,1808,421,2018
1339.jpg,925,1433,264,755
1340.jpg,43,529,318,775
1341.jpg,465,1010,245,759
1342.jpg,133,466,199,553
1343.jpg,18,569,207,690
1344.jpg,91,337,82,331
1345.jpg,67,331,242,482
1346.jpg,154,283,167,276
1347.jpg,241,455,284,457
1348.jpg,201,384,450,615
1349.jpg,154,369,209,413
1350.jpg,234,472,51,273
1351.jpg,241,334,106,203
1352.jpg,438,645,172,378
1353.jpg,195,385,217,412
1354.jpg,28,183,366,538
1355.jpg,322,470,213,347
1356.jpg,206,298,188,280
1357.jpg,347,595,172,425
1358.jpg,346,564,148,352
1359.jpg,306,440,384,515
1360.jpg,255,383,131,265
1361.jpg,131,288,101,273
1362.jpg,200,485,205,478
1363.jpg,78,254,192,343
1364.jpg,270,588,234,548
1365.jpg,14,133,165,288
1366.jpg,35,182,185,328
1367.jpg,270,505,152,381
1368.jpg,298,448,195,324
1369.jpg,240,313,143,221
1370.jpg,20,355,267,586
1371.jpg,352,551,88,300
1372.jpg,229,334,216,335
1373.jpg,2635,3520,680,1480
1374.jpg,109,212,135,231
1375.jpg,226,417,198,372
1376.jpg,106,211,124,219
1377.jpg,130,262,484,627
1378.jpg,608,879,459,726
1379.jpg,6,237,181,398
1380.jpg,36,145,150,258
1381.jpg,40,155,150,267
1382.jpg,116,191,135,205
1383.jpg,323,943,1034,1591
1384.jpg,133,254,139,243
1385.jpg,98,264,144,293
1386.jpg,144,240,140,234
1387.jpg,228,415,258,430
1388.jpg,242,502,282,541
1389.jpg,307,484,195,341
1390.jpg,129,354,364,590
1391.jpg,101,309,336,530
1392.jpg,105,298,104,290
1393.jpg,154,370,399,603
1394.jpg,349,493,288,413
1395.jpg,255,448,298,470
1396.jpg,268,486,305,519
1397.jpg,222,390,80,221
1398.jpg,122,316,190,375
1399.jpg,114,196,107,190
1400.jpg,76,275,156,349
1401.jpg,172,387,176,377
1402.jpg,237,444,76,247
1403.jpg,116,208,225,322
1404.jpg,260,475,287,498
1405.jpg,172,423,322,544
1406.jpg,255,389,193,336
1407.jpg,151,334,148,312
1408.jpg,36,323,322,606
1409.jpg,37,339,294,578
1410.jpg,92,163,186,255
1411.jpg,507,705,99,290
1412.jpg,127,261,193,312
1413.jpg,162,244,201,299
1414.jpg,62,202,67,206
1415.jpg,364,654,304,598
1416.jpg,302,521,300,531
1417.jpg,300,530,281,483
1418.jpg,205,350,225,367
1419.jpg,45,321,281,563
1420.jpg,9,335,40,358
1421.jpg,82,333,427,637
1422.jpg,84,234,114,247
1423.jpg,218,414,366,542
1424.jpg,306,417,265,371
1425.jpg,151,341,348,484
1426.jpg,171,346,205,378
1427.jpg,186,580,551,948
1428.jpg,217,385,251,423
1429.jpg,155,491,20,342
1430.jpg,149,376,156,371
1431.jpg,70,196,141,252
1432.jpg,246,333,342,438
1433.jpg,88,354,5,275
1434.jpg,98,272,136,304
1435.jpg,231,395,239,385
1436.jpg,61,196,62,199
1437.jpg,2,218,48,269
1438.jpg,70,180,257,372
1439.jpg,201,498,367,664
1440.jpg,58,137,72,147
1441.jpg,147,256,75,203
1442.jpg,501,680,91,277
1443.jpg,100,508,162,606
1444.jpg,111,493,121,502
1445.jpg,9,154,33,186
1446.jpg,154,298,233,402
1447.jpg,120,281,53,203
1448.jpg,118,474,218,542
1449.jpg,479,596,253,358
1450.jpg,107,301,141,314
1451.jpg,47,305,268,480
1452.jpg,204,436,191,412
1453.jpg,175,305,226,341
1454.jpg,148,338,243,431
1455.jpg,146,366,270,458
1456.jpg,363,676,627,926
1457.jpg,195,280,190,266
1458.jpg,123,281,339,489
1459.jpg,272,451,149,328
1460.jpg,302,462,277,421
1461.jpg,301,429,133,268
1462.jpg,84,271,220,395
1463.jpg,332,534,303,497
1464.jpg,187,451,125,373
1465.jpg,51,174,180,288
1466.jpg,362,555,234,420
1467.jpg,375,648,638,899
1468.jpg,553,739,497,673
1469.jpg,382,668,333,636
1470.jpg,49,125,118,198
1471.jpg,145,202,108,174
1472.jpg,267,373,253,375
1473.jpg,398,742,494,876
1474.jpg,228,465,783,1011
1475.jpg,47,293,77,326
1476.jpg,282,473,183,390
1477.jpg,221,330,215,303
1478.jpg,286,389,244,344
1479.jpg,139,247,205,319
1480.jpg,400,611,475,677
1481.jpg,210,446,122,365
1482.jpg,427,697,170,430
1483.jpg,174,335,166,349
1484.jpg,356,845,509,1016
1485.jpg,166,450,24,274
1486.jpg,128,217,257,361
1487.jpg,255,404,225,348
1488.jpg,163,291,140,261
1489.jpg,92,243,101,245
1490.jpg,302,396,523,601
1491.jpg,257,415,157,296
1492.jpg,116,220,228,332
1493.jpg,250,358,274,381
1494.jpg,384,471,203,286
1495.jpg,327,463,274,400
1496.jpg,260,359,237,345
1497.jpg,67,159,156,248
1498.jpg,394,689,234,528
1499.jpg,253,375,219,338
1500.jpg,151,250,135,226
1501.jpg,288,404,179,280
1502.jpg,371,590,150,356
1503.jpg,253,489,240,472
1504.jpg,102,181,31,98
1505.jpg,7,197,211,398
1506.jpg,326,436,85,203
1507.jpg,147,218,122,188
1508.jpg,118,220,99,207
1509.jpg,41,134,34,139
1510.jpg,77,161,149,238
1511.jpg,85,198,56,155
1512.jpg,145,517,60,393
1513.jpg,327,739,399,834
1514.jpg,62,195,174,304
1515.jpg,243,477,133,382
1516.jpg,124,252,239,375
1517.jpg,403,531,235,376
